question_id,BLEU,ROUGE1,ROUGE2,ROUGEL
Q01,0.012420678151590476,0.21374045801526714,0.046511627906976744,0.16793893129770993
Q02,0.0575197089516355,0.5526315789473685,0.24324324324324328,0.5
Q03,0.1382703488287468,0.32758620689655177,0.2807017543859649,0.32758620689655177
Q04,0.06911508246437537,0.40796019900497515,0.1708542713567839,0.2885572139303483
Q05,0.16203216831038772,0.4173913043478261,0.3185840707964602,0.4173913043478261
Q06,0.02380241791084471,0.17391304347826086,0.07079646017699115,0.12173913043478261
Q07,0.15883651398884718,0.3563218390804597,0.3023255813953488,0.3448275862068965
Q08,0.14312642307844362,0.43428571428571433,0.31213872832369943,0.37714285714285717
Q09,0.011188298585802425,0.27956989247311825,0.03260869565217391,0.15053763440860216
Q10,0.1395084824255035,0.4444444444444444,0.2676056338028169,0.34722222222222227
Q11,0.06742137929320229,0.5605095541401274,0.2967741935483871,0.4713375796178344
Q12,0.14474970120869313,0.4788732394366197,0.3,0.3661971830985916
Q13,0.45669119843374256,0.6902654867256637,0.6126126126126126,0.672566371681416
Q14,0.2269886828577876,0.6074074074074074,0.40601503759398494,0.5185185185185185
Q15,0.18215086552526163,0.5864661654135339,0.366412213740458,0.5263157894736842
